<?xml version="1.0" encoding="UTF-8"?>
<list>
	<file pattern="EtinasFate" isSafePackage="true">
		<node name="data" reader="UINT" />
		<for name="artifact_type_setting" size="#data" hidden="false">
			<node name="artifact_group_id" reader="UINT" />
			<node name="material_items" reader="UBYTE" />
			<for name="material_items" size="#material_items">
				<node name="sub_id" reader="USHORT" />
			</for>
		</for>
	</file>
	<file pattern="PreludeOfWar" isSafePackage="true">
		<node name="data" reader="UINT" />
		<for name="artifact_type_setting" size="#data" hidden="false">
			<node name="artifact_group_id" reader="UINT" />
			<node name="material_items" reader="UBYTE" />
			<for name="material_items" size="#material_items">
				<node name="sub_id" reader="UINT" />
			</for>
		</for>
	</file>
</list>
