<?xml version="1.0" encoding="UTF-8"?>
<list>
	<file pattern="ScionsOfDestiny" isSafePackage="true">
		<node name="data" reader="UINT" />
		<for name="cmd" size="#data" hidden="false">
			<node name="number" reader="UINT" />
			<node name="id" reader="UINT" />
			<node name="cmd" reader="ASCF" />
		</for>
	</file>
	<file pattern="HighFive" isSafePackage="true">
		<node name="data" reader="UINT" />
		<for name="cmd" size="#data" hidden="false">
			<node name="id" reader="UINT" />
			<node name="action" reader="UINT" />
			<node name="cmd" reader="ASCF" />
		</for>
	</file>
</list>
