<?xml version="1.0" encoding="UTF-8"?>
<list>
	<file pattern="Lindvior" isSafePackage="true">
		<for name="faceEx" size="17" hidden="false">
			<write name="\r\n" />
			<node name="data" reader="UINT" />
			<for name="SubFaceEx" size="#data" hidden="false">
				<node name="class_name" reader="UINT" />
				<node name="id" reader="UINT" />
				<node name="Mesh_price_adena" reader="UINT" />
				<node name="Reset_price_adena" reader="UINT" />
				<node name="is_event" reader="UINT" />
				<!-- TODO: check -->
				<node name="limit" reader="UINT" />
				<!-- TODO: check -->
				<node name="Mesh_price_item" reader="UINT" />
				<node name="is_new" reader="UINT" />
				<!-- TODO: check -->
				<node name="enable" reader="UINT" />
				<!-- TODO: check -->
				<node name="sorting_order" reader="UINT" />
				<!-- TODO: check -->
				<node name="face_mesh" reader="UNICODE" />
				<node name="icon_name" reader="UNICODE" />
				<node name="face_texture" reader="UNICODE" />
				<node name="beard_mesh" reader="UNICODE" />
				<node name="beard_texture" reader="UNICODE" />
			</for>
		</for>
	</file>
	<file pattern="Valiance" isSafePackage="true">
		<for name="faceEx" size="17" hidden="false">
			<write name="\r\n" />
			<node name="data" reader="UINT" />
			<for name="SubFaceEx" size="#data" hidden="false">
				<node name="class_name" reader="UINT" />
				<node name="id" reader="UINT" />
				<node name="is_event" reader="UINT" />
				<!-- TODO: check -->
				<node name="is_new" reader="UINT" />
				<!-- TODO: check -->
				<node name="enable" reader="UINT" />
				<!-- TODO: check -->
				<node name="sorting_order" reader="UINT" />
				<!-- TODO: check -->
				<node name="face_mesh" reader="UNICODE" />
				<node name="icon_name" reader="UNICODE" />
				<node name="face_texture" reader="UNICODE" />
				<node name="beard_mesh" reader="UNICODE" />
				<node name="beard_texture" reader="UNICODE" />
			</for>
		</for>
	</file>
	<file pattern="Ertheia" isSafePackage="true">
		<for name="faceEx" size="19" hidden="false">
			<write name="\r\n" />
			<node name="data" reader="UINT" />
			<for name="SubFaceEx" size="#data" hidden="false">
				<node name="class_name" reader="UINT" />
				<node name="id" reader="UINT" />
				<node name="is_event" reader="UINT" />
				<!-- TODO: check -->
				<node name="is_new" reader="UINT" />
				<!-- TODO: check -->
				<node name="enable" reader="UINT" />
				<!-- TODO: check -->
				<node name="sorting_order" reader="UINT" />
				<!-- TODO: check -->
				<node name="face_mesh" reader="UNICODE" />
				<node name="icon_name" reader="UNICODE" />
				<node name="face_texture" reader="UNICODE" />
				<node name="beard_mesh" reader="UNICODE" />
				<node name="beard_texture" reader="UNICODE" />
			</for>
		</for>
	</file>
	<file pattern="Helios" isSafePackage="true">
		<for name="faceEx" size="19" hidden="false">
			<write name="\r\n" />
			<node name="data" reader="UINT" />
			<for name="SubFaceEx" size="#data" hidden="false">
				<node name="class_name" reader="UINT" />
				<node name="id" reader="UINT" />
				<node name="is_event" reader="UINT" />
				<!-- TODO: check -->
				<node name="is_new" reader="UINT" />
				<!-- TODO: check -->
				<node name="enable" reader="UINT" />
				<!-- TODO: check -->
				<node name="sorting_order" reader="UINT" />
				<!-- TODO: check -->
				<node name="face_mesh" reader="MAP_INT" />
				<node name="icon_name" reader="MAP_INT" />
				<node name="face_texture" reader="MAP_INT" />
				<node name="beard_mesh" reader="MAP_INT" />
				<node name="beard_texture" reader="MAP_INT" />
			</for>
		</for>
	</file>
	<file pattern="MasterClass" isSafePackage="true">
		<for name="faceEx" size="21" hidden="false">
			<write name="\r\n" />
			<node name="data" reader="UINT" />
			<for name="SubFaceEx" size="#data" hidden="false">
				<node name="class_name" reader="UINT" />
				<node name="id" reader="UINT" />
				<node name="is_event" reader="UINT" />
				<!-- TODO: check -->
				<node name="is_new" reader="UINT" />
				<!-- TODO: check -->
				<node name="enable" reader="UINT" />
				<!-- TODO: check -->
				<node name="sorting_order" reader="UINT" />
				<!-- TODO: check -->
				<node name="face_mesh" reader="MAP_INT" />
				<node name="icon_name" reader="MAP_INT" />
				<node name="face_texture" reader="MAP_INT" />
				<node name="beard_mesh" reader="MAP_INT" />
				<node name="beard_texture" reader="MAP_INT" />
			</for>
		</for>
	</file>
	<file pattern="PathOfRogue" isSafePackage="true">
		<for name="faceEx" size="23" hidden="false">
			<write name="\r\n" />
			<node name="data" reader="UINT" />
			<for name="SubFaceEx" size="#data" hidden="false">
				<node name="class_name" reader="UINT" />
				<node name="id" reader="UINT" />
				<node name="is_event" reader="UINT" />
				<!-- TODO: check -->
				<node name="is_new" reader="UINT" />
				<!-- TODO: check -->
				<node name="enable" reader="UINT" />
				<!-- TODO: check -->
				<node name="sorting_order" reader="UINT" />
				<!-- TODO: check -->
				<node name="face_mesh" reader="MAP_INT" />
				<node name="icon_name" reader="MAP_INT" />
				<node name="face_texture" reader="MAP_INT" />
				<node name="beard_mesh" reader="MAP_INT" />
				<node name="beard_texture" reader="MAP_INT" />
			</for>
		</for>
	</file>
</list>
