<?xml version="1.0" encoding="UTF-8"?>
<list>
	<file pattern="ScionsOfDestiny" isSafePackage="true">
		<node name="data" reader="UINT" />
		<for name="Hunt" size="#data" hidden="false">
			<node name="id" reader="UINT" />
			<node name="type" reader="UINT" />
			<node name="rc_level" reader="UINT" />
			<node name="unk_1" reader="UINT" />
			<wrapper name="loc">
				<node name="start_npc_x" reader="FLOAT" />
				<node name="start_npc_y" reader="FLOAT" />
				<node name="start_npc_z" reader="FLOAT" />
			</wrapper>
			<node name="desc" reader="ASCF" />
			<node name="search_zoneid" reader="UINT" />
			<node name="name" reader="ASCF" />
		</for>
	</file>
	<file pattern="Lindvior" isSafePackage="true">
		<node name="data" reader="UINT" />
		<for name="Hunt" size="#data" hidden="false">
			<node name="id" reader="UINT" />
			<node name="type" reader="UINT" />
			<wrapper name="rc_level">
				<node name="rc_level_min" reader="UINT" />
				<node name="rc_level_max" reader="UINT" />
			</wrapper>
			<wrapper name="loc">
				<node name="start_npc_x" reader="FLOAT" />
				<node name="start_npc_y" reader="FLOAT" />
				<node name="start_npc_z" reader="FLOAT" />
			</wrapper>
			<node name="desc" reader="ASCF" />
			<node name="search_zoneid" reader="UINT" />
			<node name="name" reader="ASCF" />
		</for>
	</file>
	<file pattern="GrandCrusade" isSafePackage="true">
		<node name="data" reader="UINT" />
		<for name="Hunt" size="#data" hidden="false">
			<node name="id" reader="UINT" />
			<node name="type" reader="UINT" />
			<wrapper name="rc_level">
				<node name="rc_level_min" reader="UINT" />
				<node name="rc_level_max" reader="UINT" />
			</wrapper>
			<wrapper name="loc">
				<node name="start_npc_x" reader="FLOAT" />
				<node name="start_npc_y" reader="FLOAT" />
				<node name="start_npc_z" reader="FLOAT" />
			</wrapper>
			<node name="desc" reader="ASCF" />
			<node name="search_zoneid" reader="UINT" />
			<node name="name" reader="ASCF" />
			<node name="regionid" reader="USHORT" />
			<node name="npc_id" reader="UINT" />
			<node name="quest_id" reader="UCHAR" />
			<for name="quest_id" size="#quest_id">
				<node name="quest_id_param" reader="USHORT" />
			</for>
			<node name="instantzone_id" reader="UINT" />
		</for>
	</file>
	<file pattern="MasterClass" isSafePackage="true">
		<node name="data" reader="UINT" />
		<for name="Hunt" size="#data" hidden="false">
			<node name="id" reader="UINT" />
			<node name="type" reader="UINT" />
			<wrapper name="rc_level">
				<node name="rc_level_min" reader="UINT" />
				<node name="rc_level_max" reader="UINT" />
			</wrapper>
			<wrapper name="loc">
				<node name="start_npc_x" reader="FLOAT" />
				<node name="start_npc_y" reader="FLOAT" />
				<node name="start_npc_z" reader="FLOAT" />
			</wrapper>
			<node name="desc" reader="ASCF" />
			<node name="search_zoneid" reader="UINT" />
			<node name="name" reader="ASCF" />
			<node name="regionid" reader="USHORT" />
			<node name="npc_id" reader="UINT" />
			<node name="quest_id" reader="UCHAR" />
			<for name="quest_id" size="#quest_id">
				<node name="quest_id_param" reader="USHORT" />
			</for>
			<node name="instantzone_id" reader="UINT" />
		</for>
	</file>
</list>

