<?xml version="1.0" encoding="UTF-8"?>
<list>
	<file pattern="PreludeOfWar3" isSafePackage="true">
		<node name="data" reader="UINT" />
		<for name="product" size="#data" hidden="false">
			<node name="product_id" reader="USHORT" />
			<node name="category" reader="UCHAR" />
			<node name="mark_type" reader="UCHAR" />
			<node name="product_name" reader="ASCF" />
			<node name="product_item" reader="UINT" />
			<node name="buy_item" reader="UCHAR" />
			<for name="buy_item" size="#buy_item">
				<node name="param_itemid" reader="UINT" />
				<node name="param_count" reader="UINT" />
				<node name="param_chance" reader="FLOAT" />
			</for>
			<wrapper name="limit_lv">
				<node name="param_min" reader="SHORT" />
				<node name="param_max" reader="SHORT" />
			</wrapper>
			<node name="product_type" reader="UCHAR" />
			<node name="popular_priority" reader="UCHAR" />
			<wrapper name="buy_type">
				<node name="type1" reader="UCHAR" />
				<node name="type2" reader="UCHAR" />
				<node name="type3" reader="UINT" />
				<node name="type4" reader="UINT" />
			</wrapper>
			<node name="product_desc" reader="ASCF" />
			<node name="product_htm" reader="ASCF" />
		</for>
		<node name="data2" reader="CNTR" />
		<for name="product_head" size="#data2" hidden="false">
			<node name="head_id" reader="SHORT" />
			<node name="head_line" reader="ASCF" />
		</for>
	</file>
	<file pattern="Homunculus" isSafePackage="true">
		<node name="data" reader="UINT" />
		<for name="product" size="#data" hidden="false">
			<node name="shop_index" reader="UCHAR" />
			<node name="product_id" reader="USHORT" />
			<node name="filter" reader="UCHAR" enumName="lcoinshopproduct_filter" />
			<node name="category" reader="UCHAR" />
			<node name="mark_type" reader="UCHAR" enumName="lcoinshopproduct_mark_type" />
			<node name="max_buy_count" reader="UCHAR" />
			<node name="product_name" reader="ASCF" />
			<node name="product_item" reader="UINT" />
			<node name="buy_item" reader="UCHAR" />
			<for name="buy_item" size="#buy_item">
				<node name="ItemClassID" reader="UINT" />
				<node name="Count" reader="UINT" />
				<node name="Prob" reader="FLOAT" />
				<node name="ProductRank" reader="UCHAR" />
			</for>
			<wrapper name="limit_lv">
				<node name="LevelMin" reader="SHORT" />
				<node name="LevelMax" reader="SHORT" />
			</wrapper>
			<node name="product_type" reader="UCHAR" />
			<node name="popular_priority" reader="UCHAR" />
			<wrapper name="buy_type">
				<node name="LimitType" reader="UCHAR" enumName="lcoinshopproduct_buy1_type" />
				<node name="ResetType" reader="UCHAR" enumName="lcoinshopproduct_buy2_type" />
				<node name="LimitCountMax" reader="UINT" />
				<node name="ServerCountMax" reader="UINT" />
			</wrapper>
			<node name="product_desc" reader="ASCF" />
			<node name="product_htm" reader="ASCF" />
		</for>
		<node name="data2" reader="CNTR" />
		<for name="product_head" size="#data2" hidden="false">
			<node name="head_id" reader="SHORT" />
			<node name="head_line" reader="ASCF" />
		</for>
	</file>
	<file pattern="ReturnOfTheQueenAnt" isSafePackage="true">
		<node name="data" reader="UINT" />
		<for name="product" size="#data" hidden="false">
			<node name="shop_index" reader="USHORT" />
			<node name="product_id" reader="USHORT" />
			<node name="filter" reader="UCHAR" enumName="lcoinshopproduct_filter" />
			<node name="category" reader="UCHAR" />
			<node name="mark_type" reader="UCHAR" enumName="lcoinshopproduct_mark_type" />
			<node name="max_buy_count" reader="UCHAR" />
			<node name="product_name" reader="ASCF" />
			<node name="product_item" reader="UINT" />
			<node name="buy_item" reader="UCHAR" />
			<for name="buy_item" size="#buy_item">
				<node name="ItemClassID" reader="UINT" />
				<node name="Count" reader="UINT" />
				<node name="Prob" reader="FLOAT" />
				<node name="ProductRank" reader="UCHAR" />
			</for>
			<wrapper name="limit_lv">
				<node name="LevelMin" reader="SHORT" />
				<node name="LevelMax" reader="SHORT" />
			</wrapper>

			<wrapper name="unk_1">
				<node name="unk_1_1" reader="SHORT" />
				<node name="unk_1_2" reader="SHORT" />
			</wrapper>

			<node name="product_type" reader="UCHAR" />
			<node name="popular_priority" reader="UCHAR" />
			<wrapper name="buy_type">
				<node name="LimitType" reader="UCHAR" enumName="lcoinshopproduct_buy1_type" />
				<node name="ResetType" reader="UCHAR" enumName="lcoinshopproduct_buy2_type" />
				<node name="LimitCountMax" reader="UINT" />
				<node name="ServerCountMax" reader="UINT" />
			</wrapper>
			<node name="product_desc" reader="ASCF" />
			<node name="product_htm" reader="ASCF" />
		</for>
		<node name="data2" reader="CNTR" />
		<for name="product_head" size="#data2" hidden="false">
			<node name="head_id" reader="SHORT" />
			<node name="head_line" reader="ASCF" />
		</for>
	</file>
	<file pattern="ReturnOfTheQueenAnt2" isSafePackage="true">
		<node name="data" reader="UINT" />
		<for name="product" size="#data" hidden="false">
			<node name="product_id" reader="USHORT" />
			<node name="category" reader="UCHAR" />
			<node name="mark_type" reader="UCHAR" enumName="lcoinshopproduct_mark_type" />
			<node name="max_buy_count" reader="UCHAR" />
			<node name="product_item" reader="UINT" />
			<node name="product_count" reader="UINT" />

			<node name="product_name" reader="ASCF" />
			<wrapper name="limit_lv">
				<node name="LevelMin" reader="SHORT" />
				<node name="LevelMax" reader="SHORT" />
			</wrapper>
			<for name="unk_list" size="12">
				<node name="unk_list_value" reader="UCHAR" />
			</for>

			<node name="unk_list2" reader="CNTR" />
			<for name="unk_list2_values" size="#unk_list2">
				<node name="unk_list2_value" reader="UCHAR" />
			</for>
		</for>
		<node name="data2" reader="CNTR" />
		<for name="product_head" size="#data2" hidden="false">
			<node name="head_id" reader="SHORT" />
			<node name="head_line" reader="ASCF" />
		</for>
	</file>
	<file pattern="MasterClass" isSafePackage="true">
		<node name="data" reader="UINT" />
		<for name="product" size="#data" hidden="false">			
			<node name="product_id" reader="USHORT" />
			<node name="category" reader="UCHAR" />
			<node name="mark_type" reader="UCHAR" enumName="lcoinshopproduct_mark_type" />
			<node name="buy_items" reader="UCHAR" />
			<for name="buy_items">
		<node name="product_item_id" reader="UINT" />
		<node name="product_count" reader="UINT" />
		<node name="product_name" reader="ASCF" />
		<wrapper name="limit_lv">
			<node name="LevelMin" reader="USHORT" />
			<node name="LevelMax" reader="USHORT" />
		</wrapper>
		</for>
		<node name="product_type" reader="UCHAR" />
		<wrapper name="buy_limit">
		<node name="limit_type" reader="UCHAR" />
		<node name="reset_type" reader="UCHAR" enumName="lcoin_reset_type" />
		<node name="limit_count_max" reader="UINT" />
		<node name="server_count_max" reader="UINT" />
		</wrapper>
			<node name="product_desc" reader="ASCF" />
			<node name="product_htm" reader="ASCF" />
		</for>
		<node name="data2" reader="CNTR" />
		<for name="product_head" size="#data2" hidden="false">
			<node name="head_product_id" reader="SHORT" />
			<node name="head_name" reader="ASCF" />
		</for>
	</file>
	<file pattern="Shinemaker" isSafePackage="true">
		<node name="data" reader="UINT" />
		<for name="product" size="#data" hidden="false">			
			<node name="product_id" reader="USHORT" />
			<node name="category" reader="UCHAR" />
			<node name="mark_type" reader="UCHAR" enumName="lcoinshopproduct_mark_type" />
			<node name="buy_items" reader="UCHAR" />
			<for name="buy_items">
		<node name="product_item_id" reader="UINT" />
		<node name="product_count" reader="UINT" />
		<node name="product_name" reader="ASCF" />
		<wrapper name="limit_lv">
			<node name="LevelMin" reader="USHORT" />
			<node name="LevelMax" reader="USHORT" />
		</wrapper>
		</for>
		<node name="product_type" reader="UCHAR" />
		<wrapper name="buy_limit">
			<node name="limit_type" reader="UCHAR" />
			<node name="reset_type" reader="UCHAR" enumName="lcoin_reset_type" />
			<node name="limit_count_max" reader="UINT" />
		</wrapper>
		<node name="product_desc" reader="ASCF" />
		<node name="product_htm" reader="ASCF" />
		</for>
		<node name="data2" reader="CNTR" />
		<for name="product_head" size="#data2" hidden="false">
			<node name="head_product_id" reader="SHORT" />
			<node name="head_name" reader="ASCF" />
		</for>
	</file>
	<file pattern="ShieldOfKingdom" isSafePackage="true">
		<node name="data" reader="UINT" />
		<for name="product" size="#data" hidden="false">			
			<node name="product_id" reader="UINT" />
			<node name="category" reader="UCHAR" />
			<node name="mark_type" reader="UCHAR" enumName="lcoinshopproduct_mark_type" />
			<node name="buy_items" reader="UCHAR" />
			<for name="buy_items">
		<node name="product_item_id" reader="UINT" />
		<node name="product_count" reader="UINT" />
		<node name="product_name" reader="ASCF" />
		<wrapper name="limit_lv">
			<node name="LevelMin" reader="USHORT" />
			<node name="LevelMax" reader="USHORT" />
		</wrapper>
		</for>
		<node name="product_type" reader="UCHAR" />
		<wrapper name="buy_limit">
			<node name="limit_type" reader="UCHAR" />
			<node name="reset_type" reader="UCHAR" enumName="lcoin_reset_type" />
			<node name="limit_count_max" reader="UINT" />
		</wrapper>
		<node name="product_desc" reader="ASCF" />
		<node name="product_htm" reader="ASCF" />
		</for>
		<node name="data2" reader="CNTR" />
		<for name="product_head" size="#data2" hidden="false">
			<node name="head_product_id" reader="INT" />
			<node name="head_name" reader="ASCF" />
		</for>
	</file>
</list>

