<?xml version="1.0" encoding="UTF-8"?>
<list>
	<file pattern="GrandCrusade" isSafePackage="true">
		<node name="data" reader="UINT" />
		<for name="MinimapRegion" size="#data" hidden="false">
			<node name="regionid" reader="USHORT" />
			<node name="IconTexNormal" reader="MAP_INT" />
			<node name="IconTexOver" reader="MAP_INT" />
			<node name="IconTexPushed" reader="MAP_INT" />
			<node name="WorldLocX" reader="UINT" />
			<node name="WorldLocY" reader="UINT" />				
			<node name="Width" reader="USHORT" />				
			<node name="Height" reader="USHORT" />				
			<node name="DescOffsetX" reader="SHORT" />
			<node name="DescOffsetY" reader="SHORT" />
			<node name="DescFontName" reader="MAP_INT" />
			<node name="applycountry" reader="CNTR" />
			<for name="applycountry" size="#applycountry">
				<node name="id" reader="UINT" />
			</for>
		</for>
	</file>
	<file pattern="PathOfRogue" isSafePackage="true">
		<node name="data" reader="UINT" />
		<for name="MinimapRegion" size="#data" hidden="false">
			<node name="regionid" reader="USHORT" />
			<node name="IconTexNormal" reader="MAP_INT" />
			<node name="IconTexOver" reader="MAP_INT" />
			<node name="IconTexPushed" reader="MAP_INT" />
			<node name="WorldLocX" reader="UINT" />
			<node name="WorldLocY" reader="UINT" />
			<node name="Width" reader="USHORT" />
			<node name="Height" reader="USHORT" />
			<node name="DescOffsetX" reader="SHORT" />
			<node name="DescOffsetY" reader="SHORT" />
			<node name="DescFontName" reader="MAP_INT" />
			<node name="DescFontColors" reader="UBYTE" />
			<for name="DescFontColors" size="#DescFontColors" hidden="true">
				<node name="color" reader="RGBA" />
			</for>
		</for>
	</file>
</list>
