<?xml version="1.0" encoding="UTF-8"?>
<list>
	<file pattern="ReturnOfTheQueenAnt" isSafePackage="true">
		<node name="data" reader="UINT" />
		<for name="msaffectdata" size="#data" hidden="false">
			<node name="skill_id" reader="UINT" />
			<node name="skill_level" reader="SHORT" />
			<node name="skill_sublevel" reader="SHORT" />
			<node name="affect_range" reader="UINT" />
			<node name="decal" reader="ASCF" />
			<node name="is_directional" reader="UINT" />
		</for>
	</file>
	<file pattern="TheSourceOfFlame" isSafePackage="true">
		<node name="data" reader="UINT" />
		<for name="msaffectdata" size="#data" hidden="false">
			<node name="skill_id" reader="UINT" />
			<node name="skill_level" reader="UINT" />
			<node name="skill_sublevel" reader="UINT" />
			<node name="affect_range" reader="UINT" />
			<node name="decal" reader="ASCF" />
			<node name="is_directional" reader="UINT" />
		</for>
	</file>
</list>