<?xml version="1.0" encoding="UTF-8"?>
<list>
	<file pattern="ScionsOfDestiny" isSafePackage="true">
		<node name="data" reader="UINT" />
		<for name="music" size="#data" hidden="false">
			<node name="id" reader="UINT" />
			<node name="title" reader="UINT" />
			<for name="title" size="#title">
				<node name="name" reader="UNICODE" />
			</for>
		</for>
	</file>
	<file pattern="Helios" isSafePackage="true">
		<node name="data" reader="UINT" />
		<for name="music" size="#data" hidden="false">
			<node name="id" reader="UINT" />
			<node name="title" reader="UINT" />
			<for name="title" size="#title">
				<node name="name" reader="MAP_INT" />
			</for>
		</for>
	</file>
</list>
