<?xml version="1.0" encoding="UTF-8"?>
<list>
	<file pattern="ScionsOfDestiny" isSafePackage="true">
		<node name="data" reader="UINT" />
		<for name="raid" size="#data" hidden="false">
			<node name="id" reader="UINT" />
			<node name="raid_id" reader="UINT" />
			<node name="raid_lvl" reader="UINT" />
			<node name="search_zoneid" reader="UINT" />
			<wrapper name="Loc">
				<node name="start_npc_x" reader="FLOAT" />
				<node name="start_npc_y" reader="FLOAT" />
				<node name="start_npc_z" reader="FLOAT" />
			</wrapper>
			<node name="desc" reader="ASCF" />
		</for>
	</file>
	<file pattern="GrandCrusade" isSafePackage="true">
		<node name="data" reader="UINT" />
		<for name="raid" size="#data" hidden="false">
			<node name="id" reader="UINT" />
			<node name="raid_id" reader="UINT" />
			<node name="raid_lvl" reader="UINT" />
			<node name="search_zoneid" reader="UINT" />
			<wrapper name="Loc">
				<node name="start_npc_x" reader="FLOAT" />
				<node name="start_npc_y" reader="FLOAT" />
				<node name="start_npc_z" reader="FLOAT" />
			</wrapper>
			<node name="desc" reader="ASCF" />
			<wrapper name="rc_level">
				<node name="rc_level_min" reader="UBYTE" />
				<node name="rc_level_max" reader="UBYTE" />
			</wrapper>
		</for>
	</file>
	<file pattern="PreludeOfWar3" isSafePackage="true">
		<node name="data" reader="UINT" />
		<for name="raid" size="#data" hidden="false">
			<node name="id" reader="UINT" />
			<node name="raid_id" reader="UINT" />
			<node name="raid_lvl" reader="UINT" />
			<node name="search_zoneid" reader="UINT" />
			<wrapper name="Loc">
				<node name="start_npc_x" reader="FLOAT" />
				<node name="start_npc_y" reader="FLOAT" />
				<node name="start_npc_z" reader="FLOAT" />
			</wrapper>
			<node name="desc" reader="ASCF" />
			<node name="raid_ppl" reader="UINT" />
			<node name="respawn_type" reader="UINT" enumName="respawn_type" />
			<node name="view_item" reader="CNTR" />
			<for name="view_item" size="#view_item">
				<node name="item_id" reader="UINT" />
			</for>
			<node name="respawn_time" reader="CNTR" />
			<for name="respawn_time" size="#respawn_time">
				<node name="time" reader="UINT" />
			</for>
			<wrapper name="rc_level">
				<node name="rc_level_min" reader="UBYTE" />
				<node name="rc_level_max" reader="UBYTE" />
			</wrapper>
			<wrapper name="teleport_loc">
				<node name="teleport_loc_x" reader="FLOAT" />
				<node name="teleport_loc_y" reader="FLOAT" />
				<node name="teleport_loc_z" reader="FLOAT" />
			</wrapper>
			<node name="use_teleport_loc" reader="UINT" />
		</for>
	</file>
</list>
