<?xml version="1.0" encoding="UTF-8"?>
<list>
	<file pattern="ScionsOfDestiny" isSafePackage="true">
		<node name="data" reader="UINT" />
		<for name="skill" size="#data" hidden="false">
			<node name="skill_id" reader="UINT" />
			<node name="skill_level" reader="UINT" />
			<node name="name" reader="ASCF" />
			<node name="desc" reader="ASCF" />
			<node name="enchant_name" reader="ASCF" />
			<node name="enchant_desc" reader="ASCF" />
		</for>
	</file>
	<file pattern="Underground" isSafePackage="true">
		<node name="data" reader="UINT" />
		<for name="skill" size="#data" hidden="false">
			<node name="skill_id" reader="UINT" />
			<node name="skill_level" reader="SHORT" />
			<node name="skill_sublevel" reader="SHORT" />
			<node name="prev_skill_id" reader="UINT" />
			<node name="prev_skill_level" reader="SHORT" />
			<node name="prev_skill_sublevel" reader="SHORT" />
			<node name="name" reader="ASCF" />
			<node name="desc" reader="ASCF" />
			<node name="desc_param" reader="ASCF" />
			<node name="enchant_name" reader="ASCF" />
			<node name="enchant_name_param" reader="ASCF" />
			<node name="enchant_desc" reader="ASCF" />
			<node name="enchant_desc_param" reader="ASCF" />
		</for>
	</file>
	<file pattern="Helios" isSafePackage="true" format="SkillNameFormat">
		<node name="data" reader="CNTR" />
		<for name="skill_txt" size="#data" hidden="false">
			<node name="text" reader="ASCF" />
			<node name="index" reader="UINT" />
		</for>
		<node name="size1" reader="UINT" />
		<for name="skill" size="#size1" hidden="false">
			<node name="skill_id" reader="UINT" />
			<node name="skill_level" reader="SHORT" />
			<node name="skill_sublevel" reader="SHORT" />
			<node name="prev_skill_id" reader="UINT" />
			<node name="prev_skill_level" reader="SHORT" />
			<node name="prev_skill_sublevel" reader="SHORT" />
			<node name="name" reader="UINT" />
			<node name="desc" reader="UINT" />
			<node name="desc_param" reader="UINT" />
			<node name="enchant_name" reader="UINT" />
			<node name="enchant_name_param" reader="UINT" />
			<node name="enchant_desc" reader="UINT" />
			<node name="enchant_desc_param" reader="UINT" />
		</for>
	</file>
	<file pattern="EtinasFate" isSafePackage="true" format="SkillNameFormat">
		<node name="data" reader="CNTR" />
		<for name="skill_txt" size="#data" hidden="false">
			<node name="text" reader="ASCF" />
			<node name="index" reader="UINT" />
		</for>
		<node name="size1" reader="UINT" />
		<for name="skill" size="#size1" hidden="false">
			<node name="skill_id" reader="USHORT" />
			<node name="skill_level" reader="UCHAR" />
			<node name="skill_sublevel" reader="USHORT" />
			<node name="name" reader="UINT" />
			<node name="desc" reader="UINT" />
			<node name="desc_param" reader="UINT" />
			<node name="enchant_name" reader="UINT" />
			<node name="enchant_name_param" reader="UINT" />
			<node name="enchant_desc" reader="UINT" />
			<node name="enchant_desc_param" reader="UINT" />
		</for>
	</file>
	<file pattern="Homunculus2" isSafePackage="true" format="SkillNameFormat">
		<node name="data" reader="CNTR" />
		<for name="skill_txt" size="#data" hidden="false">
			<node name="text" reader="ASCF" />
			<node name="index" reader="UINT" />
		</for>
		<node name="size1" reader="UINT" />
		<for name="skill" size="#size1" hidden="false">
			<node name="skill_id" reader="UINT" />
			<node name="skill_level" reader="UCHAR" />
			<node name="skill_sublevel" reader="USHORT" />
			<node name="name" reader="UINT" />
			<node name="desc" reader="UINT" />
			<node name="desc_param" reader="UINT" />
			<node name="enchant_name" reader="UINT" />
			<node name="enchant_name_param" reader="UINT" />
			<node name="enchant_desc" reader="UINT" />
			<node name="enchant_desc_param" reader="UINT" />
		</for>
	</file>
	<file pattern="AgeOfMagic" isSafePackage="true" format="SkillNameFormat">
		<node name="data" reader="CNTR" />
		<for name="skill_txt" size="#data" hidden="false">
			<node name="text" reader="ASCF" />
			<node name="index" reader="UINT" />
		</for>
		<node name="size1" reader="UINT" />
		<for name="skill" size="#size1" hidden="false">
			<node name="skill_id" reader="UINT" />
			<node name="skill_level" reader="SHORT" />
			<node name="skill_sublevel" reader="SHORT" />
			<node name="name" reader="UINT" />
			<node name="desc" reader="UINT" />
			<node name="desc_param" reader="UINT" />
			<node name="enchant_name" reader="UINT" />
			<node name="enchant_name_param" reader="UINT" />
			<node name="enchant_desc" reader="UINT" />
			<node name="enchant_desc_param" reader="UINT" />
		</for>
	</file>
</list>
